{"m_mins": [-0.67195176201781692, -1.5707963267948966, -0.31415926535897931, -2.0856684561332237, -1.5446163880149817, -2.0856684561332237], "m_maxs": [0.51487212933832727, 1.5707963267948966, 1.3264502315156905, 2.0856684561332237, -0.034906585039886591, 2.0856684561332237], "arm_dims": [2, 3, 4, 5], "inf_dims": [0, 1, 8, 9, 10], "image_dims": [6, 7], "s_maxs": [0.0, 0.0, 0.25, 0.29999999999999999, 0.29999999999999999], "s_mins": [-0.0, -0.0, 0.0, 0.0, -0.10000000000000001], "call": {"sm_config": "knn_default", "sm_name": "nao_sensorimotor_model", "timeBetweenGoals": 5.0, "samplesBetweenGoals": 20, "env_config": "LArm4DoF_Head2DoF", "n_iterations": 10001, "im_config": "random", "sigma_m": [0.1, 0.0], "model_type": "concurrent", "subsampling": true, "im_name": "nao_interest_model", "expl_type": "goal-motor"}, "space_dims": [8, 9, 10], "head_dims": [0, 1], "expl_dims": [6, 7, 2, 3, 4, 5]}